{"$type":"System.Collections.Generic.List`1[[Sitecore.Commerce.Plugin.Catalog.Catalog, Sitecore.Commerce.Plugin.Catalog]], mscorlib","$values":[{"$type":"Sitecore.Commerce.Plugin.Catalog.Catalog, Sitecore.Commerce.Plugin.Catalog","PriceBookName":"Habitat_PriceBook","PromotionBookName":"Habitat_PromotionBook","DefaultInventorySetName":"Habitat_Inventory","SitecoreId":"59ddadc1-9b88-727e-9e14-3f6cf321ae0f","ChildrenCategoryList":"b893c063-6238-ed57-700d-72862c56038d|c1114488-2d5f-39c7-5e16-42f64d5f2d4a|871c3b62-ce96-ad61-dabe-10db020f02c5","IsBundle":false,"Components":{"$type":"System.Collections.Generic.List`1[[Sitecore.Commerce.Core.Component, Sitecore.Commerce.Core]], mscorlib","$values":[{"$type":"Sitecore.Commerce.Plugin.Catalog.ItemDefinitionsComponent, Sitecore.Commerce.Plugin.Catalog","Definitions":{"$type":"System.Collections.Generic.List`1[[System.String, mscorlib]], mscorlib","$values":["Amplifier","Camera","Desktop","DigitalScale","Dryer","ElectricShaver","ElectricToothBrush","eReader","FitnessTracker","GameConsole","GameConsoleAccessory","GiftCard","GiftCardV2","GiftWrap","Headphones","HomeTheater","Installation","ItemBundle","Laptop","Microwave","Phone","PhoneAccessory","Product","Range","Refrigerator","SecurityCamera","SmallAppliance","Speakers","Subscription","Tablet","Television","Thermostat","Warranty","Washer"]},"Id":"c59b244671754731ac08744b5ed85277","Name":"","Comments":"","Policies":{"$type":"System.Collections.Generic.List`1[[Sitecore.Commerce.Core.Policy, Sitecore.Commerce.Core]], mscorlib","$values":[]},"ChildComponents":{"$type":"System.Collections.Generic.List`1[[Sitecore.Commerce.Core.Component, Sitecore.Commerce.Core]], mscorlib","$values":[]}},{"$type":"Sitecore.Commerce.Plugin.ManagedLists.ListMembershipsComponent, Sitecore.Commerce.Plugin.ManagedLists","Memberships":{"$type":"System.Collections.Generic.List`1[[System.String, mscorlib]], mscorlib","$values":["Catalogs","CatalogItems"]},"Id":"601531b3a4434b229af2cfd3ed90ce9e","Name":"","Comments":"","Policies":{"$type":"System.Collections.Generic.List`1[[Sitecore.Commerce.Core.Policy, Sitecore.Commerce.Core]], mscorlib","$values":[]},"ChildComponents":{"$type":"System.Collections.Generic.List`1[[Sitecore.Commerce.Core.Component, Sitecore.Commerce.Core]], mscorlib","$values":[]}},{"$type":"Sitecore.Commerce.Plugin.Workflow.WorkflowComponent, Sitecore.Commerce.Plugin.Workflow","Workflow":{"$type":"Sitecore.Commerce.Core.EntityReference, Sitecore.Commerce.Core","Name":"DefaultCommerceWorkflow","EntityTarget":"Entity-Workflow-DefaultCommerceWorkflow","Policies":{"$type":"System.Collections.Generic.List`1[[Sitecore.Commerce.Core.Policy, Sitecore.Commerce.Core]], mscorlib","$values":[]}},"CurrentState":"Approved","Id":"fdd17948733c4f34a8304002170cc67e","Name":"","Comments":"","Policies":{"$type":"System.Collections.Generic.List`1[[Sitecore.Commerce.Core.Policy, Sitecore.Commerce.Core]], mscorlib","$values":[]},"ChildComponents":{"$type":"System.Collections.Generic.List`1[[Sitecore.Commerce.Core.Component, Sitecore.Commerce.Core]], mscorlib","$values":[]}},{"$type":"Sitecore.Commerce.Core.LocalizedEntityComponent, Sitecore.Commerce.Core","Entity":{"$type":"Sitecore.Commerce.Core.EntityReference, Sitecore.Commerce.Core","Name":"","EntityTarget":"Entity-LocalizationEntity-3935fd8e2f074bf0b01650f9f71f3ca5","Policies":{"$type":"System.Collections.Generic.List`1[[Sitecore.Commerce.Core.Policy, Sitecore.Commerce.Core]], mscorlib","$values":[]}},"Id":"7e6a99f18ae54109b693767751f2c3b3","Name":"","Comments":"","Policies":{"$type":"System.Collections.Generic.List`1[[Sitecore.Commerce.Core.Policy, Sitecore.Commerce.Core]], mscorlib","$values":[]},"ChildComponents":{"$type":"System.Collections.Generic.List`1[[Sitecore.Commerce.Core.Component, Sitecore.Commerce.Core]], mscorlib","$values":[]}}]},"DateCreated":"2018-06-12T13:36:19.7851001+00:00","DateUpdated":"2019-03-02T18:01:10.0446409+00:00","DisplayName":"Habitat_Master","FriendlyId":"Habitat_Master","Id":"Entity-Catalog-Habitat_Master","Version":4,"EntityVersion":1,"Published":true,"IsPersisted":true,"Name":"Habitat_Master","Policies":{"$type":"System.Collections.Generic.List`1[[Sitecore.Commerce.Core.Policy, Sitecore.Commerce.Core]], mscorlib","$values":[]}},{"$type":"Sitecore.Commerce.Plugin.Catalog.Catalog, Sitecore.Commerce.Plugin.Catalog","PriceBookName":"","PromotionBookName":"","DefaultInventorySetName":"","SitecoreId":"d998c218-ee18-5679-5007-13da5bf4cbc3","IsBundle":false,"Components":{"$type":"System.Collections.Generic.List`1[[Sitecore.Commerce.Core.Component, Sitecore.Commerce.Core]], mscorlib","$values":[{"$type":"Sitecore.Commerce.Plugin.ManagedLists.ListMembershipsComponent, Sitecore.Commerce.Plugin.ManagedLists","Memberships":{"$type":"System.Collections.Generic.List`1[[System.String, mscorlib]], mscorlib","$values":["Catalogs","CatalogItems"]},"Id":"e4e8a3801da546a58ac7d57d30977731","Name":"","Comments":"","Policies":{"$type":"System.Collections.Generic.List`1[[Sitecore.Commerce.Core.Policy, Sitecore.Commerce.Core]], mscorlib","$values":[]},"ChildComponents":{"$type":"System.Collections.Generic.List`1[[Sitecore.Commerce.Core.Component, Sitecore.Commerce.Core]], mscorlib","$values":[]}},{"$type":"Sitecore.Commerce.Plugin.Workflow.WorkflowComponent, Sitecore.Commerce.Plugin.Workflow","Workflow":{"$type":"Sitecore.Commerce.Core.EntityReference, Sitecore.Commerce.Core","Name":"DefaultCommerceWorkflow","EntityTarget":"Entity-Workflow-DefaultCommerceWorkflow","Policies":{"$type":"System.Collections.Generic.List`1[[Sitecore.Commerce.Core.Policy, Sitecore.Commerce.Core]], mscorlib","$values":[]}},"CurrentState":"Draft","Id":"10e17105f20f496b9fece230eefc15e4","Name":"","Comments":"","Policies":{"$type":"System.Collections.Generic.List`1[[Sitecore.Commerce.Core.Policy, Sitecore.Commerce.Core]], mscorlib","$values":[]},"ChildComponents":{"$type":"System.Collections.Generic.List`1[[Sitecore.Commerce.Core.Component, Sitecore.Commerce.Core]], mscorlib","$values":[]}},{"$type":"Sitecore.Commerce.Core.LocalizedEntityComponent, Sitecore.Commerce.Core","Entity":{"$type":"Sitecore.Commerce.Core.EntityReference, Sitecore.Commerce.Core","Name":"","EntityTarget":"Entity-LocalizationEntity-3efa9ce01e7745baa675c04b563261f7","Policies":{"$type":"System.Collections.Generic.List`1[[Sitecore.Commerce.Core.Policy, Sitecore.Commerce.Core]], mscorlib","$values":[]}},"Id":"a77e40e90d4e465fb613d4905f75aa69","Name":"","Comments":"","Policies":{"$type":"System.Collections.Generic.List`1[[Sitecore.Commerce.Core.Policy, Sitecore.Commerce.Core]], mscorlib","$values":[]},"ChildComponents":{"$type":"System.Collections.Generic.List`1[[Sitecore.Commerce.Core.Component, Sitecore.Commerce.Core]], mscorlib","$values":[]}}]},"CreatedBy":"sitecore\\Admin","UpdatedBy":"sitecore\\Admin","DateCreated":"2019-03-02T18:36:41.4193441+00:00","DateUpdated":"2019-03-02T18:36:41.5973443+00:00","DisplayName":"Test Catalog","FriendlyId":"Test","Id":"Entity-Catalog-Test","Version":1,"EntityVersion":1,"Published":false,"IsPersisted":true,"Name":"Test","Policies":{"$type":"System.Collections.Generic.List`1[[Sitecore.Commerce.Core.Policy, Sitecore.Commerce.Core]], mscorlib","$values":[]}},{"$type":"Sitecore.Commerce.Plugin.Catalog.Catalog, Sitecore.Commerce.Plugin.Catalog","PriceBookName":"","PromotionBookName":"","DefaultInventorySetName":"","SitecoreId":"a54c0745-9d6f-5fa3-053d-6ea65a777042","ChildrenCategoryList":"84675e4b-57c8-25e8-d5f6-9ed10d9afe9b","IsBundle":false,"Components":{"$type":"System.Collections.Generic.List`1[[Sitecore.Commerce.Core.Component, Sitecore.Commerce.Core]], mscorlib","$values":[{"$type":"Sitecore.Commerce.Plugin.ManagedLists.ListMembershipsComponent, Sitecore.Commerce.Plugin.ManagedLists","Memberships":{"$type":"System.Collections.Generic.List`1[[System.String, mscorlib]], mscorlib","$values":["Catalogs","CatalogItems"]},"Id":"37f5cba1d0b34a2b86dbf24a715b63bc","Name":"","Comments":"","Policies":{"$type":"System.Collections.Generic.List`1[[Sitecore.Commerce.Core.Policy, Sitecore.Commerce.Core]], mscorlib","$values":[]},"ChildComponents":{"$type":"System.Collections.Generic.List`1[[Sitecore.Commerce.Core.Component, Sitecore.Commerce.Core]], mscorlib","$values":[]}},{"$type":"Sitecore.Commerce.Plugin.Workflow.WorkflowComponent, Sitecore.Commerce.Plugin.Workflow","Workflow":{"$type":"Sitecore.Commerce.Core.EntityReference, Sitecore.Commerce.Core","Name":"DefaultCommerceWorkflow","EntityTarget":"Entity-Workflow-DefaultCommerceWorkflow","Policies":{"$type":"System.Collections.Generic.List`1[[Sitecore.Commerce.Core.Policy, Sitecore.Commerce.Core]], mscorlib","$values":[]}},"CurrentState":"Draft","Id":"ebb95657378e4b3c9827b3163cc8b96a","Name":"","Comments":"","Policies":{"$type":"System.Collections.Generic.List`1[[Sitecore.Commerce.Core.Policy, Sitecore.Commerce.Core]], mscorlib","$values":[]},"ChildComponents":{"$type":"System.Collections.Generic.List`1[[Sitecore.Commerce.Core.Component, Sitecore.Commerce.Core]], mscorlib","$values":[]}},{"$type":"Sitecore.Commerce.Core.LocalizedEntityComponent, Sitecore.Commerce.Core","Entity":{"$type":"Sitecore.Commerce.Core.EntityReference, Sitecore.Commerce.Core","Name":"","EntityTarget":"Entity-LocalizationEntity-b25e3e7ef2de4e2d81bcf0060a3f5ca5","Policies":{"$type":"System.Collections.Generic.List`1[[Sitecore.Commerce.Core.Policy, Sitecore.Commerce.Core]], mscorlib","$values":[]}},"Id":"180d5577422d45048e270d9b802cbd6b","Name":"","Comments":"","Policies":{"$type":"System.Collections.Generic.List`1[[Sitecore.Commerce.Core.Policy, Sitecore.Commerce.Core]], mscorlib","$values":[]},"ChildComponents":{"$type":"System.Collections.Generic.List`1[[Sitecore.Commerce.Core.Component, Sitecore.Commerce.Core]], mscorlib","$values":[]}},{"$type":"Hackathon.AAATeam.Feature.Navigation.Entities.ExtendedCatalogItemComponent, Hackathon.AAATeam.Feature.Navigation","ChildrenCategoryEntitiesList":"Entity-Category-Test1-Category1","Id":"37019db920694113984579b858b39962","Name":"","Comments":"","Policies":{"$type":"System.Collections.Generic.List`1[[Sitecore.Commerce.Core.Policy, Sitecore.Commerce.Core]], mscorlib","$values":[]},"ChildComponents":{"$type":"System.Collections.Generic.List`1[[Sitecore.Commerce.Core.Component, Sitecore.Commerce.Core]], mscorlib","$values":[]}}]},"CreatedBy":"sitecore\\Admin","UpdatedBy":"sitecore\\Admin","DateCreated":"2019-03-02T18:44:27.2169633+00:00","DateUpdated":"2019-03-02T18:45:47.6444798+00:00","DisplayName":"Test1","FriendlyId":"Test1","Id":"Entity-Catalog-Test1","Version":3,"EntityVersion":1,"Published":false,"IsPersisted":true,"Name":"Test1","Policies":{"$type":"System.Collections.Generic.List`1[[Sitecore.Commerce.Core.Policy, Sitecore.Commerce.Core]], mscorlib","$values":[]}}]}