{"$type":"System.Collections.Generic.List`1[[Sitecore.Commerce.Plugin.Catalog.RelationshipArgument, Sitecore.Commerce.Plugin.Catalog]], mscorlib","$values":[{"$type":"Sitecore.Commerce.Plugin.Catalog.RelationshipArgument, Sitecore.Commerce.Plugin.Catalog","SourceName":"Entity-Category-Habitat_Master-Televisions","TargetName":"Entity-Category-Habitat_Master-3D TVs","RelationshipType":"CategoryToCategory"},{"$type":"Sitecore.Commerce.Plugin.Catalog.RelationshipArgument, Sitecore.Commerce.Plugin.Catalog","SourceName":"Entity-Category-Habitat_Master-Televisions","TargetName":"Entity-Category-Habitat_Master-4K","RelationshipType":"CategoryToCategory"},{"$type":"Sitecore.Commerce.Plugin.Catalog.RelationshipArgument, Sitecore.Commerce.Plugin.Catalog","SourceName":"Entity-Category-Habitat_Master-Televisions","TargetName":"Entity-Category-Habitat_Master-4K with HDR","RelationshipType":"CategoryToCategory"},{"$type":"Sitecore.Commerce.Plugin.Catalog.RelationshipArgument, Sitecore.Commerce.Plugin.Catalog","SourceName":"Entity-Category-Habitat_Master-Televisions","TargetName":"Entity-Category-Habitat_Master-Curved UHD TVs","RelationshipType":"CategoryToCategory"},{"$type":"Sitecore.Commerce.Plugin.Catalog.RelationshipArgument, Sitecore.Commerce.Plugin.Catalog","SourceName":"Entity-Category-Habitat_Master-Televisions","TargetName":"Entity-Category-Habitat_Master-HDTV","RelationshipType":"CategoryToCategory"},{"$type":"Sitecore.Commerce.Plugin.Catalog.RelationshipArgument, Sitecore.Commerce.Plugin.Catalog","SourceName":"Entity-Category-Habitat_Master-Televisions","TargetName":"Entity-Category-Habitat_Master-Smart TVs","RelationshipType":"CategoryToCategory"}]}