{"$type":"System.Collections.Generic.List`1[[Sitecore.Commerce.Plugin.Catalog.RelationshipArgument, Sitecore.Commerce.Plugin.Catalog]], mscorlib","$values":[{"$type":"Sitecore.Commerce.Plugin.Catalog.RelationshipArgument, Sitecore.Commerce.Plugin.Catalog","SourceName":"Entity-SellableItem-6042475","TargetName":"Entity-SellableItem-6042183","RelationshipType":"RelatedSellableItemToSellableItem"},{"$type":"Sitecore.Commerce.Plugin.Catalog.RelationshipArgument, Sitecore.Commerce.Plugin.Catalog","SourceName":"Entity-SellableItem-6042475","TargetName":"Entity-SellableItem-6042283","RelationshipType":"RelatedSellableItemToSellableItem"},{"$type":"Sitecore.Commerce.Plugin.Catalog.RelationshipArgument, Sitecore.Commerce.Plugin.Catalog","SourceName":"Entity-SellableItem-6042475","TargetName":"Entity-SellableItem-6042325","RelationshipType":"RelatedSellableItemToSellableItem"},{"$type":"Sitecore.Commerce.Plugin.Catalog.RelationshipArgument, Sitecore.Commerce.Plugin.Catalog","SourceName":"Entity-SellableItem-6042475","TargetName":"Entity-SellableItem-6042430","RelationshipType":"RelatedSellableItemToSellableItem"},{"$type":"Sitecore.Commerce.Plugin.Catalog.RelationshipArgument, Sitecore.Commerce.Plugin.Catalog","SourceName":"Entity-SellableItem-6042475","TargetName":"Entity-SellableItem-6042453","RelationshipType":"RelatedSellableItemToSellableItem"},{"$type":"Sitecore.Commerce.Plugin.Catalog.RelationshipArgument, Sitecore.Commerce.Plugin.Catalog","SourceName":"Entity-SellableItem-6042475","TargetName":"Entity-SellableItem-6042455","RelationshipType":"RelatedSellableItemToSellableItem"},{"$type":"Sitecore.Commerce.Plugin.Catalog.RelationshipArgument, Sitecore.Commerce.Plugin.Catalog","SourceName":"Entity-SellableItem-6042475","TargetName":"Entity-SellableItem-6042456","RelationshipType":"RelatedSellableItemToSellableItem"},{"$type":"Sitecore.Commerce.Plugin.Catalog.RelationshipArgument, Sitecore.Commerce.Plugin.Catalog","SourceName":"Entity-SellableItem-6042475","TargetName":"Entity-SellableItem-6042886","RelationshipType":"RelatedSellableItemToSellableItem"},{"$type":"Sitecore.Commerce.Plugin.Catalog.RelationshipArgument, Sitecore.Commerce.Plugin.Catalog","SourceName":"Entity-SellableItem-6042475","TargetName":"Entity-SellableItem-6042962","RelationshipType":"RelatedSellableItemToSellableItem"},{"$type":"Sitecore.Commerce.Plugin.Catalog.RelationshipArgument, Sitecore.Commerce.Plugin.Catalog","SourceName":"Entity-SellableItem-6042475","TargetName":"Entity-SellableItem-6042986","RelationshipType":"RelatedSellableItemToSellableItem"},{"$type":"Sitecore.Commerce.Plugin.Catalog.RelationshipArgument, Sitecore.Commerce.Plugin.Catalog","SourceName":"Entity-SellableItem-6042475","TargetName":"Entity-SellableItem-7042082","RelationshipType":"RelatedSellableItemToSellableItem"}]}