{"$type":"System.Collections.Generic.List`1[[Sitecore.Commerce.Plugin.Catalog.RelationshipArgument, Sitecore.Commerce.Plugin.Catalog]], mscorlib","$values":[{"$type":"Sitecore.Commerce.Plugin.Catalog.RelationshipArgument, Sitecore.Commerce.Plugin.Catalog","SourceName":"Entity-Category-Habitat_Master-Phones","TargetName":"Entity-SellableItem-6001005","RelationshipType":"CategoryToSellableItem"},{"$type":"Sitecore.Commerce.Plugin.Catalog.RelationshipArgument, Sitecore.Commerce.Plugin.Catalog","SourceName":"Entity-Category-Habitat_Master-Phones","TargetName":"Entity-SellableItem-6001006","RelationshipType":"CategoryToSellableItem"},{"$type":"Sitecore.Commerce.Plugin.Catalog.RelationshipArgument, Sitecore.Commerce.Plugin.Catalog","SourceName":"Entity-Category-Habitat_Master-Phones","TargetName":"Entity-SellableItem-6042305","RelationshipType":"CategoryToSellableItem"},{"$type":"Sitecore.Commerce.Plugin.Catalog.RelationshipArgument, Sitecore.Commerce.Plugin.Catalog","SourceName":"Entity-Category-Habitat_Master-Phones","TargetName":"Entity-SellableItem-6042308","RelationshipType":"CategoryToSellableItem"},{"$type":"Sitecore.Commerce.Plugin.Catalog.RelationshipArgument, Sitecore.Commerce.Plugin.Catalog","SourceName":"Entity-Category-Habitat_Master-Phones","TargetName":"Entity-SellableItem-6042313","RelationshipType":"CategoryToSellableItem"},{"$type":"Sitecore.Commerce.Plugin.Catalog.RelationshipArgument, Sitecore.Commerce.Plugin.Catalog","SourceName":"Entity-Category-Habitat_Master-Phones","TargetName":"Entity-SellableItem-6042318","RelationshipType":"CategoryToSellableItem"},{"$type":"Sitecore.Commerce.Plugin.Catalog.RelationshipArgument, Sitecore.Commerce.Plugin.Catalog","SourceName":"Entity-Category-Habitat_Master-Phones","TargetName":"Entity-SellableItem-6042323","RelationshipType":"CategoryToSellableItem"},{"$type":"Sitecore.Commerce.Plugin.Catalog.RelationshipArgument, Sitecore.Commerce.Plugin.Catalog","SourceName":"Entity-Category-Habitat_Master-Phones","TargetName":"Entity-SellableItem-6042325","RelationshipType":"CategoryToSellableItem"},{"$type":"Sitecore.Commerce.Plugin.Catalog.RelationshipArgument, Sitecore.Commerce.Plugin.Catalog","SourceName":"Entity-Category-Habitat_Master-Phones","TargetName":"Entity-SellableItem-6042327","RelationshipType":"CategoryToSellableItem"},{"$type":"Sitecore.Commerce.Plugin.Catalog.RelationshipArgument, Sitecore.Commerce.Plugin.Catalog","SourceName":"Entity-Category-Habitat_Master-Phones","TargetName":"Entity-SellableItem-6042328","RelationshipType":"CategoryToSellableItem"},{"$type":"Sitecore.Commerce.Plugin.Catalog.RelationshipArgument, Sitecore.Commerce.Plugin.Catalog","SourceName":"Entity-Category-Habitat_Master-Phones","TargetName":"Entity-SellableItem-6042329","RelationshipType":"CategoryToSellableItem"},{"$type":"Sitecore.Commerce.Plugin.Catalog.RelationshipArgument, Sitecore.Commerce.Plugin.Catalog","SourceName":"Entity-Category-Habitat_Master-Phones","TargetName":"Entity-SellableItem-6042330","RelationshipType":"CategoryToSellableItem"},{"$type":"Sitecore.Commerce.Plugin.Catalog.RelationshipArgument, Sitecore.Commerce.Plugin.Catalog","SourceName":"Entity-Category-Habitat_Master-Phones","TargetName":"Entity-SellableItem-6042331","RelationshipType":"CategoryToSellableItem"},{"$type":"Sitecore.Commerce.Plugin.Catalog.RelationshipArgument, Sitecore.Commerce.Plugin.Catalog","SourceName":"Entity-Category-Habitat_Master-Phones","TargetName":"Entity-SellableItem-6042332","RelationshipType":"CategoryToSellableItem"},{"$type":"Sitecore.Commerce.Plugin.Catalog.RelationshipArgument, Sitecore.Commerce.Plugin.Catalog","SourceName":"Entity-Category-Habitat_Master-Phones","TargetName":"Entity-SellableItem-6042333","RelationshipType":"CategoryToSellableItem"},{"$type":"Sitecore.Commerce.Plugin.Catalog.RelationshipArgument, Sitecore.Commerce.Plugin.Catalog","SourceName":"Entity-Category-Habitat_Master-Phones","TargetName":"Entity-SellableItem-6042334","RelationshipType":"CategoryToSellableItem"},{"$type":"Sitecore.Commerce.Plugin.Catalog.RelationshipArgument, Sitecore.Commerce.Plugin.Catalog","SourceName":"Entity-Category-Habitat_Master-Phones","TargetName":"Entity-SellableItem-6042335","RelationshipType":"CategoryToSellableItem"},{"$type":"Sitecore.Commerce.Plugin.Catalog.RelationshipArgument, Sitecore.Commerce.Plugin.Catalog","SourceName":"Entity-Category-Habitat_Master-Phones","TargetName":"Entity-SellableItem-6042336","RelationshipType":"CategoryToSellableItem"},{"$type":"Sitecore.Commerce.Plugin.Catalog.RelationshipArgument, Sitecore.Commerce.Plugin.Catalog","SourceName":"Entity-Category-Habitat_Master-Phones","TargetName":"Entity-SellableItem-6042337","RelationshipType":"CategoryToSellableItem"},{"$type":"Sitecore.Commerce.Plugin.Catalog.RelationshipArgument, Sitecore.Commerce.Plugin.Catalog","SourceName":"Entity-Category-Habitat_Master-Phones","TargetName":"Entity-SellableItem-6042347","RelationshipType":"CategoryToSellableItem"},{"$type":"Sitecore.Commerce.Plugin.Catalog.RelationshipArgument, Sitecore.Commerce.Plugin.Catalog","SourceName":"Entity-Category-Habitat_Master-Phones","TargetName":"Entity-SellableItem-6042348","RelationshipType":"CategoryToSellableItem"},{"$type":"Sitecore.Commerce.Plugin.Catalog.RelationshipArgument, Sitecore.Commerce.Plugin.Catalog","SourceName":"Entity-Category-Habitat_Master-Phones","TargetName":"Entity-SellableItem-6042358","RelationshipType":"CategoryToSellableItem"},{"$type":"Sitecore.Commerce.Plugin.Catalog.RelationshipArgument, Sitecore.Commerce.Plugin.Catalog","SourceName":"Entity-Category-Habitat_Master-Phones","TargetName":"Entity-SellableItem-6042359","RelationshipType":"CategoryToSellableItem"},{"$type":"Sitecore.Commerce.Plugin.Catalog.RelationshipArgument, Sitecore.Commerce.Plugin.Catalog","SourceName":"Entity-Category-Habitat_Master-Phones","TargetName":"Entity-SellableItem-6042360","RelationshipType":"CategoryToSellableItem"},{"$type":"Sitecore.Commerce.Plugin.Catalog.RelationshipArgument, Sitecore.Commerce.Plugin.Catalog","SourceName":"Entity-Category-Habitat_Master-Phones","TargetName":"Entity-SellableItem-6042361","RelationshipType":"CategoryToSellableItem"},{"$type":"Sitecore.Commerce.Plugin.Catalog.RelationshipArgument, Sitecore.Commerce.Plugin.Catalog","SourceName":"Entity-Category-Habitat_Master-Phones","TargetName":"Entity-SellableItem-6042362","RelationshipType":"CategoryToSellableItem"},{"$type":"Sitecore.Commerce.Plugin.Catalog.RelationshipArgument, Sitecore.Commerce.Plugin.Catalog","SourceName":"Entity-Category-Habitat_Master-Phones","TargetName":"Entity-SellableItem-6042363","RelationshipType":"CategoryToSellableItem"},{"$type":"Sitecore.Commerce.Plugin.Catalog.RelationshipArgument, Sitecore.Commerce.Plugin.Catalog","SourceName":"Entity-Category-Habitat_Master-Phones","TargetName":"Entity-SellableItem-6042364","RelationshipType":"CategoryToSellableItem"},{"$type":"Sitecore.Commerce.Plugin.Catalog.RelationshipArgument, Sitecore.Commerce.Plugin.Catalog","SourceName":"Entity-Category-Habitat_Master-Phones","TargetName":"Entity-SellableItem-6042365","RelationshipType":"CategoryToSellableItem"},{"$type":"Sitecore.Commerce.Plugin.Catalog.RelationshipArgument, Sitecore.Commerce.Plugin.Catalog","SourceName":"Entity-Category-Habitat_Master-Phones","TargetName":"Entity-SellableItem-6042366","RelationshipType":"CategoryToSellableItem"},{"$type":"Sitecore.Commerce.Plugin.Catalog.RelationshipArgument, Sitecore.Commerce.Plugin.Catalog","SourceName":"Entity-Category-Habitat_Master-Phones","TargetName":"Entity-SellableItem-6042367","RelationshipType":"CategoryToSellableItem"},{"$type":"Sitecore.Commerce.Plugin.Catalog.RelationshipArgument, Sitecore.Commerce.Plugin.Catalog","SourceName":"Entity-Category-Habitat_Master-Phones","TargetName":"Entity-SellableItem-6042368","RelationshipType":"CategoryToSellableItem"},{"$type":"Sitecore.Commerce.Plugin.Catalog.RelationshipArgument, Sitecore.Commerce.Plugin.Catalog","SourceName":"Entity-Category-Habitat_Master-Phones","TargetName":"Entity-SellableItem-6042369","RelationshipType":"CategoryToSellableItem"},{"$type":"Sitecore.Commerce.Plugin.Catalog.RelationshipArgument, Sitecore.Commerce.Plugin.Catalog","SourceName":"Entity-Category-Habitat_Master-Phones","TargetName":"Entity-SellableItem-6042370","RelationshipType":"CategoryToSellableItem"},{"$type":"Sitecore.Commerce.Plugin.Catalog.RelationshipArgument, Sitecore.Commerce.Plugin.Catalog","SourceName":"Entity-Category-Habitat_Master-Phones","TargetName":"Entity-SellableItem-6042371","RelationshipType":"CategoryToSellableItem"},{"$type":"Sitecore.Commerce.Plugin.Catalog.RelationshipArgument, Sitecore.Commerce.Plugin.Catalog","SourceName":"Entity-Category-Habitat_Master-Phones","TargetName":"Entity-SellableItem-6042372","RelationshipType":"CategoryToSellableItem"},{"$type":"Sitecore.Commerce.Plugin.Catalog.RelationshipArgument, Sitecore.Commerce.Plugin.Catalog","SourceName":"Entity-Category-Habitat_Master-Phones","TargetName":"Entity-SellableItem-6042375","RelationshipType":"CategoryToSellableItem"},{"$type":"Sitecore.Commerce.Plugin.Catalog.RelationshipArgument, Sitecore.Commerce.Plugin.Catalog","SourceName":"Entity-Category-Habitat_Master-Phones","TargetName":"Entity-SellableItem-6042376","RelationshipType":"CategoryToSellableItem"},{"$type":"Sitecore.Commerce.Plugin.Catalog.RelationshipArgument, Sitecore.Commerce.Plugin.Catalog","SourceName":"Entity-Category-Habitat_Master-Phones","TargetName":"Entity-SellableItem-6042380","RelationshipType":"CategoryToSellableItem"},{"$type":"Sitecore.Commerce.Plugin.Catalog.RelationshipArgument, Sitecore.Commerce.Plugin.Catalog","SourceName":"Entity-Category-Habitat_Master-Phones","TargetName":"Entity-SellableItem-6042381","RelationshipType":"CategoryToSellableItem"},{"$type":"Sitecore.Commerce.Plugin.Catalog.RelationshipArgument, Sitecore.Commerce.Plugin.Catalog","SourceName":"Entity-Category-Habitat_Master-Phones","TargetName":"Entity-SellableItem-6042382","RelationshipType":"CategoryToSellableItem"},{"$type":"Sitecore.Commerce.Plugin.Catalog.RelationshipArgument, Sitecore.Commerce.Plugin.Catalog","SourceName":"Entity-Category-Habitat_Master-Phones","TargetName":"Entity-SellableItem-6042383","RelationshipType":"CategoryToSellableItem"},{"$type":"Sitecore.Commerce.Plugin.Catalog.RelationshipArgument, Sitecore.Commerce.Plugin.Catalog","SourceName":"Entity-Category-Habitat_Master-Phones","TargetName":"Entity-SellableItem-6042384","RelationshipType":"CategoryToSellableItem"},{"$type":"Sitecore.Commerce.Plugin.Catalog.RelationshipArgument, Sitecore.Commerce.Plugin.Catalog","SourceName":"Entity-Category-Habitat_Master-Phones","TargetName":"Entity-SellableItem-6042385","RelationshipType":"CategoryToSellableItem"},{"$type":"Sitecore.Commerce.Plugin.Catalog.RelationshipArgument, Sitecore.Commerce.Plugin.Catalog","SourceName":"Entity-Category-Habitat_Master-Phones","TargetName":"Entity-SellableItem-6042386","RelationshipType":"CategoryToSellableItem"},{"$type":"Sitecore.Commerce.Plugin.Catalog.RelationshipArgument, Sitecore.Commerce.Plugin.Catalog","SourceName":"Entity-Category-Habitat_Master-Phones","TargetName":"Entity-SellableItem-6042387","RelationshipType":"CategoryToSellableItem"}]}