{"$type":"System.Collections.Generic.List`1[[Sitecore.Commerce.Plugin.Catalog.RelationshipDefinition, Sitecore.Commerce.Plugin.Catalog]], mscorlib","$values":[{"$type":"Sitecore.Commerce.Plugin.Catalog.RelationshipDefinition, Sitecore.Commerce.Plugin.Catalog","RelationshipDescription":"InstallationSellableItemToSellableItem","SourceType":"Sitecore.Commerce.Plugin.Catalog.SellableItem, Sitecore.Commerce.Plugin.Catalog","TargetType":"Sitecore.Commerce.Plugin.Catalog.SellableItem, Sitecore.Commerce.Plugin.Catalog","RenderList":true,"Components":{"$type":"System.Collections.Generic.List`1[[Sitecore.Commerce.Core.Component, Sitecore.Commerce.Core]], mscorlib","$values":[{"$type":"Sitecore.Commerce.Plugin.ManagedLists.ListMembershipsComponent, Sitecore.Commerce.Plugin.ManagedLists","Memberships":{"$type":"System.Collections.Generic.List`1[[System.String, mscorlib]], mscorlib","$values":["CustomRelationshipDefinitions"]},"Id":"75ec4dd3940542cd995efd81a2580399","Name":"","Comments":"","Policies":{"$type":"System.Collections.Generic.List`1[[Sitecore.Commerce.Core.Policy, Sitecore.Commerce.Core]], mscorlib","$values":[]},"ChildComponents":{"$type":"System.Collections.Generic.List`1[[Sitecore.Commerce.Core.Component, Sitecore.Commerce.Core]], mscorlib","$values":[]}}]},"DateCreated":"2019-03-02T17:58:18.7127998+00:00","DateUpdated":"2019-03-02T17:58:19.1888158+00:00","DisplayName":"InstallationSellableItemToSellableItem","FriendlyId":"InstallationSellableItemToSellableItem","Id":"Entity-RelationshipDefinition-InstallationSellableItemToSellableItem","Version":1,"EntityVersion":1,"Published":true,"IsPersisted":true,"Name":"InstallationSellableItemToSellableItem","Policies":{"$type":"System.Collections.Generic.List`1[[Sitecore.Commerce.Core.Policy, Sitecore.Commerce.Core]], mscorlib","$values":[]}},{"$type":"Sitecore.Commerce.Plugin.Catalog.RelationshipDefinition, Sitecore.Commerce.Plugin.Catalog","RelationshipDescription":"RelatedSellableItemToSellableItem","SourceType":"Sitecore.Commerce.Plugin.Catalog.SellableItem, Sitecore.Commerce.Plugin.Catalog","TargetType":"Sitecore.Commerce.Plugin.Catalog.SellableItem, Sitecore.Commerce.Plugin.Catalog","RenderList":true,"Components":{"$type":"System.Collections.Generic.List`1[[Sitecore.Commerce.Core.Component, Sitecore.Commerce.Core]], mscorlib","$values":[{"$type":"Sitecore.Commerce.Plugin.ManagedLists.ListMembershipsComponent, Sitecore.Commerce.Plugin.ManagedLists","Memberships":{"$type":"System.Collections.Generic.List`1[[System.String, mscorlib]], mscorlib","$values":["CustomRelationshipDefinitions"]},"Id":"398a40165f774aa68fa09aebc544b39f","Name":"","Comments":"","Policies":{"$type":"System.Collections.Generic.List`1[[Sitecore.Commerce.Core.Policy, Sitecore.Commerce.Core]], mscorlib","$values":[]},"ChildComponents":{"$type":"System.Collections.Generic.List`1[[Sitecore.Commerce.Core.Component, Sitecore.Commerce.Core]], mscorlib","$values":[]}}]},"DateCreated":"2019-03-02T17:58:18.7148015+00:00","DateUpdated":"2019-03-02T17:58:19.2238124+00:00","DisplayName":"RelatedSellableItemToSellableItem","FriendlyId":"RelatedSellableItemToSellableItem","Id":"Entity-RelationshipDefinition-RelatedSellableItemToSellableItem","Version":1,"EntityVersion":1,"Published":true,"IsPersisted":true,"Name":"RelatedSellableItemToSellableItem","Policies":{"$type":"System.Collections.Generic.List`1[[Sitecore.Commerce.Core.Policy, Sitecore.Commerce.Core]], mscorlib","$values":[]}},{"$type":"Sitecore.Commerce.Plugin.Catalog.RelationshipDefinition, Sitecore.Commerce.Plugin.Catalog","RelationshipDescription":"TrainingSellableItemToSellableItem","SourceType":"Sitecore.Commerce.Plugin.Catalog.SellableItem, Sitecore.Commerce.Plugin.Catalog","TargetType":"Sitecore.Commerce.Plugin.Catalog.SellableItem, Sitecore.Commerce.Plugin.Catalog","RenderList":true,"Components":{"$type":"System.Collections.Generic.List`1[[Sitecore.Commerce.Core.Component, Sitecore.Commerce.Core]], mscorlib","$values":[{"$type":"Sitecore.Commerce.Plugin.ManagedLists.ListMembershipsComponent, Sitecore.Commerce.Plugin.ManagedLists","Memberships":{"$type":"System.Collections.Generic.List`1[[System.String, mscorlib]], mscorlib","$values":["CustomRelationshipDefinitions"]},"Id":"756daf92f0ed4cdaaeec4450f237b093","Name":"","Comments":"","Policies":{"$type":"System.Collections.Generic.List`1[[Sitecore.Commerce.Core.Policy, Sitecore.Commerce.Core]], mscorlib","$values":[]},"ChildComponents":{"$type":"System.Collections.Generic.List`1[[Sitecore.Commerce.Core.Component, Sitecore.Commerce.Core]], mscorlib","$values":[]}}]},"DateCreated":"2019-03-02T17:58:18.7328004+00:00","DateUpdated":"2019-03-02T17:58:19.1858108+00:00","DisplayName":"TrainingSellableItemToSellableItem","FriendlyId":"TrainingSellableItemToSellableItem","Id":"Entity-RelationshipDefinition-TrainingSellableItemToSellableItem","Version":1,"EntityVersion":1,"Published":true,"IsPersisted":true,"Name":"TrainingSellableItemToSellableItem","Policies":{"$type":"System.Collections.Generic.List`1[[Sitecore.Commerce.Core.Policy, Sitecore.Commerce.Core]], mscorlib","$values":[]}},{"$type":"Sitecore.Commerce.Plugin.Catalog.RelationshipDefinition, Sitecore.Commerce.Plugin.Catalog","RelationshipDescription":"WarrantySellableItemToSellableItem","SourceType":"Sitecore.Commerce.Plugin.Catalog.SellableItem, Sitecore.Commerce.Plugin.Catalog","TargetType":"Sitecore.Commerce.Plugin.Catalog.SellableItem, Sitecore.Commerce.Plugin.Catalog","RenderList":true,"Components":{"$type":"System.Collections.Generic.List`1[[Sitecore.Commerce.Core.Component, Sitecore.Commerce.Core]], mscorlib","$values":[{"$type":"Sitecore.Commerce.Plugin.ManagedLists.ListMembershipsComponent, Sitecore.Commerce.Plugin.ManagedLists","Memberships":{"$type":"System.Collections.Generic.List`1[[System.String, mscorlib]], mscorlib","$values":["CustomRelationshipDefinitions"]},"Id":"0dd526b15c9c464bbe30299fdcd9c07f","Name":"","Comments":"","Policies":{"$type":"System.Collections.Generic.List`1[[Sitecore.Commerce.Core.Policy, Sitecore.Commerce.Core]], mscorlib","$values":[]},"ChildComponents":{"$type":"System.Collections.Generic.List`1[[Sitecore.Commerce.Core.Component, Sitecore.Commerce.Core]], mscorlib","$values":[]}}]},"DateCreated":"2019-03-02T17:58:18.7118017+00:00","DateUpdated":"2019-03-02T17:58:19.1888158+00:00","DisplayName":"WarrantySellableItemToSellableItem","FriendlyId":"WarrantySellableItemToSellableItem","Id":"Entity-RelationshipDefinition-WarrantySellableItemToSellableItem","Version":1,"EntityVersion":1,"Published":true,"IsPersisted":true,"Name":"WarrantySellableItemToSellableItem","Policies":{"$type":"System.Collections.Generic.List`1[[Sitecore.Commerce.Core.Policy, Sitecore.Commerce.Core]], mscorlib","$values":[]}}]}