{"$type":"System.Collections.Generic.List`1[[Sitecore.Commerce.Plugin.Catalog.RelationshipArgument, Sitecore.Commerce.Plugin.Catalog]], mscorlib","$values":[{"$type":"Sitecore.Commerce.Plugin.Catalog.RelationshipArgument, Sitecore.Commerce.Plugin.Catalog","SourceName":"Entity-SellableItem-6001004","TargetName":"Entity-SellableItem-6042453","RelationshipType":"BundleToSellableItemVariant"},{"$type":"Sitecore.Commerce.Plugin.Catalog.RelationshipArgument, Sitecore.Commerce.Plugin.Catalog","SourceName":"Entity-SellableItem-6001004","TargetName":"Entity-SellableItem-6042986","RelationshipType":"BundleToSellableItemVariant"}]}