{"$type":"System.Collections.Generic.List`1[[Sitecore.Commerce.Plugin.Catalog.RelationshipArgument, Sitecore.Commerce.Plugin.Catalog]], mscorlib","$values":[{"$type":"Sitecore.Commerce.Plugin.Catalog.RelationshipArgument, Sitecore.Commerce.Plugin.Catalog","SourceName":"Entity-SellableItem-6001002","TargetName":"Entity-SellableItem-6042896","RelationshipType":"BundleToSellableItemVariant"},{"$type":"Sitecore.Commerce.Plugin.Catalog.RelationshipArgument, Sitecore.Commerce.Plugin.Catalog","SourceName":"Entity-SellableItem-6001002","TargetName":"Entity-SellableItem-7042066","RelationshipType":"BundleToSellableItemVariant"}]}