{"$type":"System.Collections.Generic.List`1[[Sitecore.Commerce.Plugin.Catalog.RelationshipArgument, Sitecore.Commerce.Plugin.Catalog]], mscorlib","$values":[{"$type":"Sitecore.Commerce.Plugin.Catalog.RelationshipArgument, Sitecore.Commerce.Plugin.Catalog","SourceName":"Entity-SellableItem-6042196","TargetName":"Entity-SellableItem-6042063","RelationshipType":"RelatedSellableItemToSellableItem"},{"$type":"Sitecore.Commerce.Plugin.Catalog.RelationshipArgument, Sitecore.Commerce.Plugin.Catalog","SourceName":"Entity-SellableItem-6042196","TargetName":"Entity-SellableItem-6042068","RelationshipType":"RelatedSellableItemToSellableItem"},{"$type":"Sitecore.Commerce.Plugin.Catalog.RelationshipArgument, Sitecore.Commerce.Plugin.Catalog","SourceName":"Entity-SellableItem-6042196","TargetName":"Entity-SellableItem-6042105","RelationshipType":"RelatedSellableItemToSellableItem"},{"$type":"Sitecore.Commerce.Plugin.Catalog.RelationshipArgument, Sitecore.Commerce.Plugin.Catalog","SourceName":"Entity-SellableItem-6042196","TargetName":"Entity-SellableItem-6042325","RelationshipType":"RelatedSellableItemToSellableItem"},{"$type":"Sitecore.Commerce.Plugin.Catalog.RelationshipArgument, Sitecore.Commerce.Plugin.Catalog","SourceName":"Entity-SellableItem-6042196","TargetName":"Entity-SellableItem-6042430","RelationshipType":"RelatedSellableItemToSellableItem"},{"$type":"Sitecore.Commerce.Plugin.Catalog.RelationshipArgument, Sitecore.Commerce.Plugin.Catalog","SourceName":"Entity-SellableItem-6042196","TargetName":"Entity-SellableItem-6042886","RelationshipType":"RelatedSellableItemToSellableItem"},{"$type":"Sitecore.Commerce.Plugin.Catalog.RelationshipArgument, Sitecore.Commerce.Plugin.Catalog","SourceName":"Entity-SellableItem-6042196","TargetName":"Entity-SellableItem-6042962","RelationshipType":"RelatedSellableItemToSellableItem"},{"$type":"Sitecore.Commerce.Plugin.Catalog.RelationshipArgument, Sitecore.Commerce.Plugin.Catalog","SourceName":"Entity-SellableItem-6042196","TargetName":"Entity-SellableItem-6042986","RelationshipType":"RelatedSellableItemToSellableItem"},{"$type":"Sitecore.Commerce.Plugin.Catalog.RelationshipArgument, Sitecore.Commerce.Plugin.Catalog","SourceName":"Entity-SellableItem-6042196","TargetName":"Entity-SellableItem-7042082","RelationshipType":"RelatedSellableItemToSellableItem"}]}