{"$type":"System.Collections.Generic.List`1[[Sitecore.Commerce.Plugin.Catalog.RelationshipArgument, Sitecore.Commerce.Plugin.Catalog]], mscorlib","$values":[{"$type":"Sitecore.Commerce.Plugin.Catalog.RelationshipArgument, Sitecore.Commerce.Plugin.Catalog","SourceName":"Entity-Category-Habitat_Master-Computers and Tablets","TargetName":"Entity-Category-Habitat_Master-2 in 1","RelationshipType":"CategoryToCategory"},{"$type":"Sitecore.Commerce.Plugin.Catalog.RelationshipArgument, Sitecore.Commerce.Plugin.Catalog","SourceName":"Entity-Category-Habitat_Master-Computers and Tablets","TargetName":"Entity-Category-Habitat_Master-All In One","RelationshipType":"CategoryToCategory"},{"$type":"Sitecore.Commerce.Plugin.Catalog.RelationshipArgument, Sitecore.Commerce.Plugin.Catalog","SourceName":"Entity-Category-Habitat_Master-Computers and Tablets","TargetName":"Entity-Category-Habitat_Master-Desktop Packages","RelationshipType":"CategoryToCategory"},{"$type":"Sitecore.Commerce.Plugin.Catalog.RelationshipArgument, Sitecore.Commerce.Plugin.Catalog","SourceName":"Entity-Category-Habitat_Master-Computers and Tablets","TargetName":"Entity-Category-Habitat_Master-Desktops","RelationshipType":"CategoryToCategory"},{"$type":"Sitecore.Commerce.Plugin.Catalog.RelationshipArgument, Sitecore.Commerce.Plugin.Catalog","SourceName":"Entity-Category-Habitat_Master-Computers and Tablets","TargetName":"Entity-Category-Habitat_Master-eReaders","RelationshipType":"CategoryToCategory"},{"$type":"Sitecore.Commerce.Plugin.Catalog.RelationshipArgument, Sitecore.Commerce.Plugin.Catalog","SourceName":"Entity-Category-Habitat_Master-Computers and Tablets","TargetName":"Entity-Category-Habitat_Master-Kid s Tablets","RelationshipType":"CategoryToCategory"},{"$type":"Sitecore.Commerce.Plugin.Catalog.RelationshipArgument, Sitecore.Commerce.Plugin.Catalog","SourceName":"Entity-Category-Habitat_Master-Computers and Tablets","TargetName":"Entity-Category-Habitat_Master-Laptops","RelationshipType":"CategoryToCategory"},{"$type":"Sitecore.Commerce.Plugin.Catalog.RelationshipArgument, Sitecore.Commerce.Plugin.Catalog","SourceName":"Entity-Category-Habitat_Master-Computers and Tablets","TargetName":"Entity-Category-Habitat_Master-Tablets","RelationshipType":"CategoryToCategory"}]}