{"$type":"System.Collections.Generic.List`1[[Sitecore.Commerce.Plugin.Catalog.RelationshipArgument, Sitecore.Commerce.Plugin.Catalog]], mscorlib","$values":[{"$type":"Sitecore.Commerce.Plugin.Catalog.RelationshipArgument, Sitecore.Commerce.Plugin.Catalog","SourceName":"Entity-Category-Habitat_Master-4K with HDR","TargetName":"Entity-SellableItem-6042266","RelationshipType":"CategoryToSellableItem"},{"$type":"Sitecore.Commerce.Plugin.Catalog.RelationshipArgument, Sitecore.Commerce.Plugin.Catalog","SourceName":"Entity-Category-Habitat_Master-4K with HDR","TargetName":"Entity-SellableItem-6042267","RelationshipType":"CategoryToSellableItem"},{"$type":"Sitecore.Commerce.Plugin.Catalog.RelationshipArgument, Sitecore.Commerce.Plugin.Catalog","SourceName":"Entity-Category-Habitat_Master-4K with HDR","TargetName":"Entity-SellableItem-6042268","RelationshipType":"CategoryToSellableItem"},{"$type":"Sitecore.Commerce.Plugin.Catalog.RelationshipArgument, Sitecore.Commerce.Plugin.Catalog","SourceName":"Entity-Category-Habitat_Master-4K with HDR","TargetName":"Entity-SellableItem-6042269","RelationshipType":"CategoryToSellableItem"},{"$type":"Sitecore.Commerce.Plugin.Catalog.RelationshipArgument, Sitecore.Commerce.Plugin.Catalog","SourceName":"Entity-Category-Habitat_Master-4K with HDR","TargetName":"Entity-SellableItem-6042270","RelationshipType":"CategoryToSellableItem"},{"$type":"Sitecore.Commerce.Plugin.Catalog.RelationshipArgument, Sitecore.Commerce.Plugin.Catalog","SourceName":"Entity-Category-Habitat_Master-4K with HDR","TargetName":"Entity-SellableItem-6042271","RelationshipType":"CategoryToSellableItem"}]}