{"$type":"System.Collections.Generic.List`1[[Sitecore.Commerce.Plugin.Catalog.RelationshipArgument, Sitecore.Commerce.Plugin.Catalog]], mscorlib","$values":[{"$type":"Sitecore.Commerce.Plugin.Catalog.RelationshipArgument, Sitecore.Commerce.Plugin.Catalog","SourceName":"Entity-Category-Habitat_Master-Smartphone Accessories","TargetName":"Entity-SellableItem-6042362","RelationshipType":"CategoryToSellableItem"},{"$type":"Sitecore.Commerce.Plugin.Catalog.RelationshipArgument, Sitecore.Commerce.Plugin.Catalog","SourceName":"Entity-Category-Habitat_Master-Smartphone Accessories","TargetName":"Entity-SellableItem-6042363","RelationshipType":"CategoryToSellableItem"},{"$type":"Sitecore.Commerce.Plugin.Catalog.RelationshipArgument, Sitecore.Commerce.Plugin.Catalog","SourceName":"Entity-Category-Habitat_Master-Smartphone Accessories","TargetName":"Entity-SellableItem-6042364","RelationshipType":"CategoryToSellableItem"},{"$type":"Sitecore.Commerce.Plugin.Catalog.RelationshipArgument, Sitecore.Commerce.Plugin.Catalog","SourceName":"Entity-Category-Habitat_Master-Smartphone Accessories","TargetName":"Entity-SellableItem-6042365","RelationshipType":"CategoryToSellableItem"},{"$type":"Sitecore.Commerce.Plugin.Catalog.RelationshipArgument, Sitecore.Commerce.Plugin.Catalog","SourceName":"Entity-Category-Habitat_Master-Smartphone Accessories","TargetName":"Entity-SellableItem-6042366","RelationshipType":"CategoryToSellableItem"},{"$type":"Sitecore.Commerce.Plugin.Catalog.RelationshipArgument, Sitecore.Commerce.Plugin.Catalog","SourceName":"Entity-Category-Habitat_Master-Smartphone Accessories","TargetName":"Entity-SellableItem-6042367","RelationshipType":"CategoryToSellableItem"},{"$type":"Sitecore.Commerce.Plugin.Catalog.RelationshipArgument, Sitecore.Commerce.Plugin.Catalog","SourceName":"Entity-Category-Habitat_Master-Smartphone Accessories","TargetName":"Entity-SellableItem-6042368","RelationshipType":"CategoryToSellableItem"},{"$type":"Sitecore.Commerce.Plugin.Catalog.RelationshipArgument, Sitecore.Commerce.Plugin.Catalog","SourceName":"Entity-Category-Habitat_Master-Smartphone Accessories","TargetName":"Entity-SellableItem-6042369","RelationshipType":"CategoryToSellableItem"},{"$type":"Sitecore.Commerce.Plugin.Catalog.RelationshipArgument, Sitecore.Commerce.Plugin.Catalog","SourceName":"Entity-Category-Habitat_Master-Smartphone Accessories","TargetName":"Entity-SellableItem-6042370","RelationshipType":"CategoryToSellableItem"},{"$type":"Sitecore.Commerce.Plugin.Catalog.RelationshipArgument, Sitecore.Commerce.Plugin.Catalog","SourceName":"Entity-Category-Habitat_Master-Smartphone Accessories","TargetName":"Entity-SellableItem-6042371","RelationshipType":"CategoryToSellableItem"},{"$type":"Sitecore.Commerce.Plugin.Catalog.RelationshipArgument, Sitecore.Commerce.Plugin.Catalog","SourceName":"Entity-Category-Habitat_Master-Smartphone Accessories","TargetName":"Entity-SellableItem-6042372","RelationshipType":"CategoryToSellableItem"},{"$type":"Sitecore.Commerce.Plugin.Catalog.RelationshipArgument, Sitecore.Commerce.Plugin.Catalog","SourceName":"Entity-Category-Habitat_Master-Smartphone Accessories","TargetName":"Entity-SellableItem-6042375","RelationshipType":"CategoryToSellableItem"},{"$type":"Sitecore.Commerce.Plugin.Catalog.RelationshipArgument, Sitecore.Commerce.Plugin.Catalog","SourceName":"Entity-Category-Habitat_Master-Smartphone Accessories","TargetName":"Entity-SellableItem-6042376","RelationshipType":"CategoryToSellableItem"},{"$type":"Sitecore.Commerce.Plugin.Catalog.RelationshipArgument, Sitecore.Commerce.Plugin.Catalog","SourceName":"Entity-Category-Habitat_Master-Smartphone Accessories","TargetName":"Entity-SellableItem-6042380","RelationshipType":"CategoryToSellableItem"},{"$type":"Sitecore.Commerce.Plugin.Catalog.RelationshipArgument, Sitecore.Commerce.Plugin.Catalog","SourceName":"Entity-Category-Habitat_Master-Smartphone Accessories","TargetName":"Entity-SellableItem-6042381","RelationshipType":"CategoryToSellableItem"},{"$type":"Sitecore.Commerce.Plugin.Catalog.RelationshipArgument, Sitecore.Commerce.Plugin.Catalog","SourceName":"Entity-Category-Habitat_Master-Smartphone Accessories","TargetName":"Entity-SellableItem-6042382","RelationshipType":"CategoryToSellableItem"},{"$type":"Sitecore.Commerce.Plugin.Catalog.RelationshipArgument, Sitecore.Commerce.Plugin.Catalog","SourceName":"Entity-Category-Habitat_Master-Smartphone Accessories","TargetName":"Entity-SellableItem-6042383","RelationshipType":"CategoryToSellableItem"},{"$type":"Sitecore.Commerce.Plugin.Catalog.RelationshipArgument, Sitecore.Commerce.Plugin.Catalog","SourceName":"Entity-Category-Habitat_Master-Smartphone Accessories","TargetName":"Entity-SellableItem-6042384","RelationshipType":"CategoryToSellableItem"},{"$type":"Sitecore.Commerce.Plugin.Catalog.RelationshipArgument, Sitecore.Commerce.Plugin.Catalog","SourceName":"Entity-Category-Habitat_Master-Smartphone Accessories","TargetName":"Entity-SellableItem-6042385","RelationshipType":"CategoryToSellableItem"},{"$type":"Sitecore.Commerce.Plugin.Catalog.RelationshipArgument, Sitecore.Commerce.Plugin.Catalog","SourceName":"Entity-Category-Habitat_Master-Smartphone Accessories","TargetName":"Entity-SellableItem-6042386","RelationshipType":"CategoryToSellableItem"},{"$type":"Sitecore.Commerce.Plugin.Catalog.RelationshipArgument, Sitecore.Commerce.Plugin.Catalog","SourceName":"Entity-Category-Habitat_Master-Smartphone Accessories","TargetName":"Entity-SellableItem-6042387","RelationshipType":"CategoryToSellableItem"}]}